<?xml version="1.0" encoding="UTF-8"?>

<mule xmlns:context="http://www.springframework.org/schema/context"
	xmlns:jms="http://www.mulesoft.org/schema/mule/jms" xmlns="http://www.mulesoft.org/schema/mule/core" xmlns:doc="http://www.mulesoft.org/schema/mule/documentation"
	xmlns:spring="http://www.springframework.org/schema/beans" 
	xmlns:xsi="http://www.w3.org/2001/XMLSchema-instance"
	xsi:schemaLocation="http://www.springframework.org/schema/context http://www.springframework.org/schema/context/spring-context-current.xsd
http://www.springframework.org/schema/beans http://www.springframework.org/schema/beans/spring-beans-current.xsd
http://www.mulesoft.org/schema/mule/core http://www.mulesoft.org/schema/mule/core/current/mule.xsd
http://www.mulesoft.org/schema/mule/jms http://www.mulesoft.org/schema/mule/jms/current/mule-jms.xsd">
 
	<spring:beans>
		  	<spring:bean class="org.apache.activemq.ActiveMQSslConnectionFactory" id="jmsSecureConnectionFactory" scope="singleton">
		  	     <spring:property name="brokerURL" value="ssl://0.0.0.0:61618"/>
			    <!--  <spring:property name="redeliverPolicy" ref="myJmsRedeliverPolicy"/> -->
			     <spring:property name="keyStore" value="${keyStore-file}"/>
			     <spring:property name="keyStorePassword" value="123456"/>
			     <spring:property name="trustStore" value="${truststore-file}"/>
			     <spring:property name="trustStorePassword" value="123456"/>
		   </spring:bean>
		  <spring:bean class="org.apache.activemq.RedeliveryPolicy" id="myJmsRedeliverPolicy">
			     <spring:property name="initialRedeliveryDelay" value="20000"/>
			     <spring:property name="redeliveryDelay" value="20000"/>
			     <spring:property name="maximumRedeliveries" value="10"/>
		  </spring:bean>
 	</spring:beans>
     <jms:activemq-connector name="jmsConnector"  connectionFactory-ref="jmsSecureConnectionFactory"  
     			specification="1.1" username="admin" password="admin" maxRedelivery="-1" doc:name="Active MQ">
     </jms:activemq-connector>
    <context:property-placeholder location="config.properties"/>
  
    
    <flow name="acceptssljmsFlow">
        <jms:inbound-endpoint doc:name="JMS" connector-ref="jmsConnector" queue="sslqueu"/>
        <object-to-byte-array-transformer doc:name="Object to Byte Array"/>
        <object-to-string-transformer doc:name="Object to String"/>
        <logger message="-------------------  #[payload]" level="INFO" doc:name="Logger"/>
    </flow>
</mule>
